<?xml version="1.0" encoding="UTF-8"?>
<Configuration status="DEBUG" packages="org.graylog2.log4j2">

  <Properties>
    <Property name="enviroment">dev</Property>
    <Property name="app">bl</Property>
  </Properties>

  <Appenders>
    <Console name="STDOUT" target="SYSTEM_OUT">
      <PatternLayout pattern="%d{HH:mm:ss.SSS} [%t] [%X{X-Request-Id}] %-5level %logger{36} - %msg%n"/>
    </Console>
  </Appenders>

  <Loggers>
    <Logger name="de.comonea.b2c" level="DEBUG"/>
    <Logger name="de.comonea.b2c.bl.service.email.MailService" level="DEBUG"/>

    <!-- 3rdparty Loggers -->
    <Logger name="org.springframework.core" level="WARN"/>
    <logger name="org.springframework.beans" level="WARN"/>
    <logger name="org.springframework.context" level="WARN"/>
    <logger name="org.springframework.web" level="WARN"/>
    <logger name="org.hibernate" level="WARN"/>    
    <Logger name="org.hibernate.engine.jdbc.spi.SqlExceptionHelper" level="OFF" additivity="false">
      <AppenderRef ref="STDOUT" />
    </Logger>
    <Root level="INFO">
      <AppenderRef ref="STDOUT"/>
    </Root>
  </Loggers>
</Configuration>
