<?xml version="1.0" encoding="UTF-8"?>
<Configuration status="DEBUG" packages="org.graylog2.log4j2">
	<Properties>
		<Property name="enviroment">dev</Property>
		<Property name="app">sps</Property>
	</Properties>
	<Appenders>
		<!-- <GELF name="GELFAPPENDER" server="10.15.8.12" port="12201"
			protocol="TCP" hostName="graylog.rz01.deposit-solutions.com"
			additionalFields="Enviroment=${enviroment},Application=${app}" />-->
		 <Console name="STDOUT" target="SYSTEM_OUT">
      		<PatternLayout pattern="%d{HH:mm:ss.SSS} [%t] %-5level %logger{36} - %msg%n"/>
    	</Console>
	</Appenders>

	<Loggers>

		<Root level="INFO">
			<!-- <AppenderRef ref="GELFAPPENDER" /> -->
			<AppenderRef ref="STDOUT" />
		</Root>
	</Loggers>
</Configuration>
