<?xml version="1.0" encoding="UTF-8"?>

<!DOCTYPE suite SYSTEM "http://testng.org/testng-1.0.dtd">

<suite name="TestSuite" thread-count="1">
    <groups>
        <run>
            <include name="e2e"></include>
        </run>
    </groups>
    
    <test name="CustomerRegistration">
        <classes>
            <class name="com.depositsolutions.zinspilot.e2e.customerRegistration.CustomerRegistrationE2E">

            </class>
        </classes>
    </test>

    <test name="ShopUI">

        <parameter name="sortOptions" value="Sortieren nach …,Zinssatz absteigend,Laufzeiten aufsteigend,Bank (a-z),Land (a-z)"/>
        <parameter name="countries" value="Alle Länder,Belgien,Deutschland,Estland,Malta,Rumänien"/>
        <parameter name="customerEmail" value="93615697@comoneto.com"/>
        <parameter name="homePageTerms" value="Alle Laufzeiten,Tagesgeld/Flexgeld24,1-11 Monate,12-23 Monate,24-47 Monate,48 &amp; mehr Monate"/>
        <classes>
            <class name="com.depositsolutions.zinspilot.e2e.shopui.ShopFilterFunctionality"/>
            <class name="com.depositsolutions.zinspilot.e2e.shopui.ReKYC"/>
        </classes>
    </test>

    <test name="CustomerProfile">
        <parameter name="newPassword" value="Dekaup11"/>
        <parameter name="customerEmail" value="93615697@comoneto.com"/>
        <classes>
            <class name="com.depositsolutions.zinspilot.e2e.shopui.CustomerProfile"/>
        </classes>
    </test>
    <test name="payin">
        <parameter name="trancheIdentifier" value="BUCUROBU-TG"/>
        <parameter name="payInAmount" value="1101.00"/>
        <parameter name="customerEmail" value="11158126@comoneto.com"/>
        <classes>
            <class name="com.depositsolutions.zinspilot.e2e.payin.PayInE2E"/>
            <class name="com.depositsolutions.zinspilot.e2e.payin.PayInInvalid"/>
            <class name="com.depositsolutions.zinspilot.e2e.payin.PayInButtonNDocuments"/>
        </classes>
    </test>
      <test name="payout">
        <parameter name="payOutType" value="FullPayOutType"/>
        <parameter name="customerEmail" value="93615697@comoneto.com"/>
        <parameter name="sourceTrancheIdentifier" value="MOEYFRPPXXX-FG12M-2020-07-01"/>
        <parameter name="targetTrancheIdentifier" value="MOEYFRPPXXX-FG12M-2021-07-01"/>
        <parameter name="payOutAmount" value="1234.00"/>
        <classes>
            <class name="com.depositsolutions.zinspilot.e2e.shopui.CreatePayoutFromShop"/>
            <class name="com.depositsolutions.zinspilot.e2e.payout.PayOutE2E"/>
            <class name="com.depositsolutions.zinspilot.e2e.payout.PayOutButton"/>
        </classes>
    </test>

    <test name="Prolongation">
        <parameter name="customerEmail" value="93615697@comoneto.com"/>
        <parameter name="sourceTrancheIdentifier" value="MOEYFRPPXXX-FG12M-2020-07-01"/>
        <parameter name="targetTrancheIdentifier" value="MOEYFRPPXXX-FG12M-2021-07-01"/>
        <parameter name="payOutAmount" value="1234.00"/>
        <parameter name="payOutType" value="FullPayOutType"/>
        <classes>
            <class name="com.depositsolutions.zinspilot.e2e.prolongation.C1693_ProductBankProlongationSettings"/>
            <class name="com.depositsolutions.zinspilot.e2e.prolongation.C1694_CustomerProlongationSettings"/>
            <class name="com.depositsolutions.zinspilot.e2e.prolongation.ProlongationE2E"/>
        </classes>
    </test>

    <test name="investmentChange">
        <parameter name="customerEmail" value="93615697@comoneto.com"/>
        <parameter name="sourceTrancheIdentifier" value="MOEYFRPPXXX-FG12M-2020-07-01"/>
        <parameter name="targetTrancheIdentifier" value="MOEYFRPPXXX-FG12M-2021-07-01"/>
        <parameter name="icAmount" value="1234.00"/>

        <classes>
            <class name="com.depositsolutions.zinspilot.e2e.investmentchange.InvestmentChangeTextToolTip"/>
            <class name="com.depositsolutions.zinspilot.e2e.investmentchange.InvestmentChangeE2E"/>
        </classes>

    </test>
</suite>
